Datetime,Water Level (m)
2025-02-24 06:00:00,-0.22505419
2025-02-24 07:00:00,-0.38474435
2025-02-24 08:00:00,-0.5343299
2025-02-24 09:00:00,-0.6679382
2025-02-24 10:00:00,-0.78218985
2025-02-24 11:00:00,-0.86355925
2025-02-24 12:00:00,-0.8029257
2025-02-24 13:00:00,-0.47298598
2025-02-24 14:00:00,-0.14814527
2025-02-24 15:00:00,0.13279136
2025-02-24 16:00:00,0.33410054
2025-02-24 17:00:00,0.39293414
2025-02-24 18:00:00,0.25005466
2025-02-24 19:00:00,0.0025200224
2025-02-24 20:00:00,-0.21232517
2025-02-24 21:00:00,-0.40066025
2025-02-24 22:00:00,-0.5679099
2025-02-24 23:00:00,-0.7100778
2025-02-25 00:00:00,-0.81705064
2025-02-25 01:00:00,-0.8245802
2025-02-25 02:00:00,-0.52526075
2025-02-25 03:00:00,-0.22365297
2025-02-25 04:00:00,-0.00673876
2025-02-25 05:00:00,0.10842059
2025-02-25 06:00:00,0.07197209
2025-02-25 07:00:00,-0.13443919
2025-02-25 08:00:00,-0.34722507
2025-02-25 09:00:00,-0.5307137
2025-02-25 10:00:00,-0.6871074
2025-02-25 11:00:00,-0.82852983
2025-02-25 12:00:00,-0.93516576
2025-02-25 13:00:00,-0.84213036
2025-02-25 14:00:00,-0.44309983
2025-02-25 15:00:00,-0.085158594
2025-02-25 16:00:00,0.22733979
2025-02-25 17:00:00,0.44862196
2025-02-25 18:00:00,0.5080657
2025-02-25 19:00:00,0.32378027
2025-02-25 20:00:00,0.03624711
2025-02-25 21:00:00,-0.2036759
2025-02-25 22:00:00,-0.41343504
2025-02-25 23:00:00,-0.60068935
2025-02-26 00:00:00,-0.761597
2025-02-26 01:00:00,-0.8839372
2025-02-26 02:00:00,-0.84034264
2025-02-26 03:00:00,-0.40538576
2025-02-26 04:00:00,-0.04753
2025-02-26 05:00:00,0.19963518
2025-02-26 06:00:00,0.30953094
2025-02-26 07:00:00,0.18829827
2025-02-26 08:00:00,-0.080448784
2025-02-26 09:00:00,-0.30508003
2025-02-26 10:00:00,-0.50623524
2025-02-26 11:00:00,-0.6774118
2025-02-26 12:00:00,-0.8303772
2025-02-26 13:00:00,-0.9459347
2025-02-26 14:00:00,-0.79406595
2025-02-26 15:00:00,-0.33725756
2025-02-26 16:00:00,0.08317413
2025-02-26 17:00:00,0.4322015
2025-02-26 18:00:00,0.6465856
2025-02-26 19:00:00,0.6246149
2025-02-26 20:00:00,0.32022873
2025-02-26 21:00:00,0.022025393
2025-02-26 22:00:00,-0.21561162
2025-02-26 23:00:00,-0.4328163
2025-02-27 00:00:00,-0.6287866
2025-02-27 01:00:00,-0.78926533
2025-02-27 02:00:00,-0.91013294
2025-02-27 03:00:00,-0.691498
2025-02-27 04:00:00,-0.21214846
2025-02-27 05:00:00,0.16978487
2025-02-27 06:00:00,0.42769596
2025-02-27 07:00:00,0.49219415
2025-02-27 08:00:00,0.26271448
2025-02-27 09:00:00,-0.030236112
2025-02-27 10:00:00,-0.264525
2025-02-27 11:00:00,-0.46684307
2025-02-27 12:00:00,-0.6509862
2025-02-27 13:00:00,-0.81412387
2025-02-27 14:00:00,-0.92863363
2025-02-27 15:00:00,-0.6386966
2025-02-27 16:00:00,-0.1429218
2025-02-27 17:00:00,0.3057086
2025-02-27 18:00:00,0.65824866
2025-02-27 19:00:00,0.81312335
2025-02-27 20:00:00,0.65173626
2025-02-27 21:00:00,0.29325852
2025-02-27 22:00:00,0.007555291
2025-02-27 23:00:00,-0.22806047
2025-02-28 00:00:00,-0.44987795
2025-02-28 01:00:00,-0.6452704
2025-02-28 02:00:00,-0.80493295
2025-02-28 03:00:00,-0.88837093
2025-02-28 04:00:00,-0.4440531
2025-02-28 05:00:00,0.0386694
2025-02-28 06:00:00,0.42506272
2025-02-28 07:00:00,0.6637824
2025-02-28 08:00:00,0.6246026
2025-02-28 09:00:00,0.2981036
2025-02-28 10:00:00,0.005798823
2025-02-28 11:00:00,-0.22759981
2025-02-28 12:00:00,-0.4444835
2025-02-28 13:00:00,-0.6390708
2025-02-28 14:00:00,-0.7970061
2025-02-28 15:00:00,-0.8813982
2025-02-28 16:00:00,-0.43065894
2025-02-28 17:00:00,0.07574865
2025-02-28 18:00:00,0.5320236
2025-02-28 19:00:00,0.8410052
2025-02-28 20:00:00,0.8916929
2025-02-28 21:00:00,0.5832755
2025-02-28 22:00:00,0.23721041
2025-02-28 23:00:00,-0.032823775
2025-03-01 00:00:00,-0.26861674
2025-03-01 01:00:00,-0.4863999
2025-03-01 02:00:00,-0.67523474
2025-03-01 03:00:00,-0.82397056
2025-03-01 04:00:00,-0.7655106
2025-03-01 05:00:00,-0.18500343
2025-03-01 06:00:00,0.30630457
2025-03-01 07:00:00,0.6647552
2025-03-01 08:00:00,0.81687844
2025-03-01 09:00:00,0.63007504
2025-03-01 10:00:00,0.2719591
2025-03-01 11:00:00,-0.0050968803
2025-03-01 12:00:00,-0.233009
2025-03-01 13:00:00,-0.45011625
2025-03-01 14:00:00,-0.64040893
2025-03-01 15:00:00,-0.78982586
2025-03-01 16:00:00,-0.7692202
2025-03-01 17:00:00,-0.19851673
2025-03-01 18:00:00,0.32013255
2025-03-01 19:00:00,0.7410635
2025-03-01 20:00:00,0.9655532
2025-03-01 21:00:00,0.8543973
2025-03-01 22:00:00,0.4690228
2025-03-01 23:00:00,0.1608991
2025-03-02 00:00:00,-0.09316139
2025-03-02 01:00:00,-0.3181242
2025-03-02 02:00:00,-0.5358595
2025-03-02 03:00:00,-0.7116671
2025-03-02 04:00:00,-0.8233231
2025-03-02 05:00:00,-0.44586906
2025-03-02 06:00:00,0.08471976
